model,variable,coefficient,standard_error,p_value,ci_lower,ci_upper
Pooled OLS,const,46.89938900462313,1.5278671786312574,0.0,43.90178572665497,49.89699228259129
Pooled OLS,treated,2.024339608580772,0.3332063203617341,1.661101700634049e-09,1.370604537806598,2.6780746793549457
Pooled OLS,post,3.2385272627093697,0.35032542638843894,0.0,2.551205314057823,3.9258492113609167
Pooled OLS,staff_num,0.6127265494110119,0.08723300709634653,3.6119995883154843e-12,0.4415795075239781,0.7838735912980457
Pooled OLS,avg_price,0.2071187087326079,0.06958752168734092,0.0029755084923270836,0.07059127622206446,0.34364614124315135
Pooled OLS,competitor_num,0.6805902070253924,0.17243593316111874,8.378409624620886e-05,0.34227904640060003,1.0189013676501848
Store FE,post,2.691913934449833,0.5161240475648005,2.1724054954930239e-07,1.679259879717482,3.704567989182184
Store FE,staff_num,0.15327728418975473,0.3139107762218457,0.6254428392268574,-0.4626270160750394,0.7691815844545489
Store FE,avg_price,2.100190371550602,0.837320925102779,0.012271197275683043,0.45733642215946313,3.7430443209417406
Store FE,competitor_num,0.5628731987187239,0.6057548216424676,0.35297614802923327,-0.6256396776027398,1.7513860750401875
Random Effects,const,42.717855524769874,5.417749144365182,7.105427357601002e-15,32.08848746091296,53.34722358862679
Random Effects,treated,1.837607926360176,1.414339884694202,0.19410245692851102,-0.9372601602221446,4.612476012942496
Random Effects,post,3.0907455800091777,0.3098780732052514,0.0,2.4827794288921234,3.698711731126232
Random Effects,staff_num,0.633840660154702,0.19061955845488238,0.0009105245384990468,0.25985408510366276,1.0078272352057411
Random Effects,avg_price,0.4071428555329293,0.27618070155315244,0.14069401323178732,-0.13471064316512715,0.9489963542309857
Random Effects,competitor_num,0.6886163465181103,0.3242179629362807,0.03388108067458817,0.05251600869646056,1.32471668433976
