month,control,treated,difference
1,56.016000000000005,55.856399999999994,-0.15960000000001173
2,55.4832,55.955200000000005,0.4720000000000084
3,57.06399999999999,55.3792,-1.6847999999999956
4,56.4008,56.373599999999996,-0.027200000000000557
5,56.256,56.312799999999996,0.05679999999999552
6,56.6916,56.572399999999995,-0.11920000000000641
7,57.8404,55.765600000000006,-2.074799999999996
8,56.953599999999994,56.748400000000004,-0.20519999999999072
9,57.852799999999995,56.1888,-1.6639999999999944
10,57.3936,57.56399999999999,0.17039999999999367
11,57.3484,57.1796,-0.1687999999999974
12,57.602399999999996,57.815200000000004,0.21280000000000854
13,57.6672,62.1136,4.446399999999997
14,58.8028,63.0924,4.2896
15,58.198,63.6984,5.500399999999999
16,58.006800000000005,61.8484,3.8415999999999926
17,58.8932,64.0544,5.161200000000001
18,59.001599999999996,63.62559999999999,4.623999999999995
19,58.15,62.726000000000006,4.576000000000008
20,58.742399999999996,63.778800000000004,5.0364000000000075
21,58.8116,63.6832,4.871600000000001
22,59.5368,64.72279999999999,5.185999999999993
23,58.5568,63.217200000000005,4.660400000000003
24,58.8624,63.6992,4.836799999999997
