store_id,month,treated,post,staff_num,avg_price,competitor_num,sales
1,1,0,0,0,21.81,3,51.8
2,1,0,0,5,15.66,2,53.37
3,1,1,0,4,23.77,2,53.87
4,1,0,0,4,20.36,2,59.53
5,1,1,0,6,22.79,1,54.71
6,1,0,0,2,20.21,0,47.93
7,1,0,0,6,18.62,2,53.62
8,1,0,0,2,15.75,1,44.2
9,1,0,0,2,19.04,4,54.29
10,1,1,0,5,21.65,0,65.6
11,1,0,0,6,17.19,3,57.22
12,1,1,0,6,24.0,0,52.37
13,1,0,0,1,21.18,3,52.04
14,1,0,0,5,20.73,1,66.25
15,1,1,0,3,18.08,1,48.8
16,1,1,0,4,17.58,1,47.96
17,1,0,0,5,20.76,4,51.29
18,1,1,0,3,22.06,3,56.9
19,1,1,0,6,19.88,2,53.87
20,1,0,0,7,17.81,2,60.33
21,1,0,0,5,20.73,1,62.14
22,1,0,0,8,21.68,1,53.7
23,1,0,0,5,14.31,1,63.77
24,1,1,0,4,22.19,3,63.58
25,1,0,0,6,21.21,2,65.07
26,1,0,0,4,20.31,3,68.02
27,1,1,0,3,15.64,1,62.16
28,1,0,0,5,22.24,2,54.33
29,1,1,0,3,23.63,3,58.81
30,1,0,0,8,23.43,0,58.91
31,1,1,0,4,21.17,2,52.33
32,1,1,0,5,20.1,3,57.07
33,1,1,0,3,19.55,0,58.77
34,1,1,0,6,20.09,2,62.66
35,1,0,0,9,18.84,1,48.49
36,1,1,0,6,16.33,1,46.88
37,1,1,0,9,18.3,2,59.9
38,1,1,0,5,22.84,3,57.68
39,1,0,0,3,22.02,2,61.07
40,1,1,0,2,22.37,2,52.43
41,1,1,0,5,23.01,1,47.8
42,1,1,0,3,19.63,1,52.65
43,1,1,0,4,20.89,2,60.05
44,1,1,0,6,19.62,0,59.9
45,1,1,0,6,24.91,2,63.9
46,1,0,0,7,21.47,1,52.25
47,1,0,0,3,21.12,2,52.77
48,1,0,0,3,22.06,3,53.0
49,1,0,0,3,21.66,2,55.01
50,1,1,0,5,23.29,2,45.76
1,2,0,0,0,21.86,3,49.33
2,2,0,0,5,15.71,2,53.45
3,2,1,0,4,23.82,2,52.82
4,2,0,0,4,20.41,2,63.48
5,2,1,0,6,22.84,1,60.2
6,2,0,0,2,20.26,0,44.93
7,2,0,0,6,18.67,2,51.65
8,2,0,0,2,15.8,1,45.31
9,2,0,0,2,19.09,4,50.53
10,2,1,0,5,21.7,0,58.69
11,2,0,0,6,17.24,3,56.59
12,2,1,0,6,24.05,0,54.73
13,2,0,0,1,21.23,3,47.85
14,2,0,0,5,20.78,1,65.87
15,2,1,0,3,18.13,1,53.77
16,2,1,0,5,17.63,1,48.2
17,2,0,0,5,20.81,4,54.85
18,2,1,0,3,22.11,3,51.38
19,2,1,0,6,19.93,2,56.72
20,2,0,0,7,17.86,2,56.94
21,2,0,0,6,20.78,1,55.07
22,2,0,0,8,21.73,1,59.2
23,2,0,0,5,14.36,1,62.34
24,2,1,0,4,22.24,3,64.82
25,2,0,0,6,21.26,2,62.73
26,2,0,0,4,20.36,3,59.71
27,2,1,0,3,15.69,1,63.75
28,2,0,0,5,22.29,2,52.77
29,2,1,0,3,23.68,3,56.42
30,2,0,0,8,23.48,0,56.38
31,2,1,0,4,21.22,2,49.19
32,2,1,0,5,20.15,3,59.53
33,2,1,0,3,19.6,0,59.37
34,2,1,0,6,20.14,2,62.12
35,2,0,0,9,18.89,1,52.98
36,2,1,0,7,16.38,1,49.24
37,2,1,0,9,18.35,2,59.7
38,2,1,0,6,22.89,3,60.87
39,2,0,0,3,22.07,2,61.23
40,2,1,0,2,22.42,2,53.91
41,2,1,0,5,23.06,1,50.3
42,2,1,0,3,19.68,1,51.0
43,2,1,0,4,20.94,2,52.45
44,2,1,0,6,19.67,0,52.38
45,2,1,0,7,24.96,2,63.53
46,2,0,0,7,21.52,1,49.27
47,2,0,0,3,21.17,2,58.57
48,2,0,0,3,22.11,3,58.65
49,2,0,0,4,21.71,2,57.4
50,2,1,0,5,23.34,2,53.79
1,3,0,0,0,21.91,3,54.41
2,3,0,0,5,15.76,2,55.48
3,3,1,0,4,23.87,2,56.24
4,3,0,0,4,20.46,2,62.64
5,3,1,0,6,22.89,1,57.44
6,3,0,0,2,20.31,1,50.7
7,3,0,0,6,18.72,2,53.45
8,3,0,0,2,15.85,2,48.48
9,3,0,0,2,19.14,4,55.74
10,3,1,0,5,21.75,0,56.56
11,3,0,0,7,17.29,3,52.77
12,3,1,0,6,24.1,0,51.18
13,3,0,0,1,21.28,3,55.45
14,3,0,0,5,20.83,1,62.19
15,3,1,0,3,18.18,1,51.94
16,3,1,0,5,17.68,1,48.49
17,3,0,0,5,20.86,4,58.34
18,3,1,0,3,22.16,3,59.22
19,3,1,0,7,19.98,2,58.3
20,3,0,0,7,17.91,2,61.59
21,3,0,0,6,20.83,1,61.5
22,3,0,0,8,21.78,1,63.27
23,3,0,0,5,14.41,1,68.95
24,3,1,0,4,22.29,3,60.62
25,3,0,0,6,21.31,2,64.93
26,3,0,0,4,20.41,3,64.48
27,3,1,0,3,15.74,1,60.31
28,3,0,0,5,22.34,2,49.42
29,3,1,0,3,23.73,3,57.37
30,3,0,0,8,23.53,0,55.83
31,3,1,0,4,21.27,3,54.7
32,3,1,0,6,20.2,3,51.01
33,3,1,0,4,19.65,0,54.04
34,3,1,0,6,20.19,2,61.25
35,3,0,0,9,18.94,1,49.07
36,3,1,0,7,16.43,1,52.06
37,3,1,0,9,18.4,2,60.2
38,3,1,0,6,22.94,3,57.28
39,3,0,0,3,22.12,2,62.93
40,3,1,0,2,22.47,2,49.42
41,3,1,0,6,23.11,1,54.22
42,3,1,0,3,19.73,1,49.14
43,3,1,0,5,20.99,2,61.59
44,3,1,0,6,19.72,0,52.19
45,3,1,0,7,25.01,2,62.77
46,3,0,0,8,21.57,2,53.27
47,3,0,0,3,21.22,2,52.5
48,3,0,0,4,22.16,3,52.87
49,3,0,0,4,21.76,2,56.34
50,3,1,0,5,23.39,2,46.94
1,4,0,0,0,21.96,3,54.54
2,4,0,0,5,15.81,2,49.75
3,4,1,0,5,23.92,2,57.78
4,4,0,0,4,20.51,2,58.52
5,4,1,0,6,22.94,1,54.53
6,4,0,0,3,20.36,1,47.04
7,4,0,0,6,18.77,2,58.35
8,4,0,0,2,15.9,2,53.12
9,4,0,0,2,19.19,4,51.46
10,4,1,0,6,21.8,0,65.3
11,4,0,0,7,17.34,3,58.5
12,4,1,0,6,24.15,0,46.66
13,4,0,0,2,21.33,3,47.92
14,4,0,0,5,20.88,1,61.9
15,4,1,0,3,18.23,1,59.11
16,4,1,0,5,17.73,1,47.56
17,4,0,0,5,20.91,4,57.57
18,4,1,0,3,22.21,3,54.44
19,4,1,0,7,20.03,2,60.04
20,4,0,0,7,17.96,2,58.74
21,4,0,0,6,20.88,1,57.33
22,4,0,0,9,21.83,1,61.72
23,4,0,0,6,14.46,1,63.57
24,4,1,0,4,22.34,3,67.04
25,4,0,0,6,21.36,2,60.21
26,4,0,0,4,20.46,3,67.86
27,4,1,0,3,15.79,1,60.45
28,4,0,0,5,22.39,2,52.38
29,4,1,0,3,23.78,3,55.03
30,4,0,0,8,23.58,0,53.87
31,4,1,0,4,21.32,3,54.92
32,4,1,0,6,20.25,3,54.87
33,4,1,0,4,19.7,0,54.27
34,4,1,0,6,20.24,2,60.12
35,4,0,0,9,18.99,1,54.1
36,4,1,0,7,16.48,1,56.54
37,4,1,0,9,18.45,2,62.95
38,4,1,0,6,22.99,3,60.52
39,4,0,0,3,22.17,2,64.22
40,4,1,0,3,22.52,3,54.43
41,4,1,0,6,23.16,1,52.63
42,4,1,0,3,19.78,1,46.25
43,4,1,0,5,21.04,2,61.22
44,4,1,0,6,19.77,0,50.38
45,4,1,0,7,25.06,2,60.97
46,4,0,0,8,21.62,2,56.24
47,4,0,0,3,21.27,2,52.74
48,4,0,0,4,22.21,3,50.84
49,4,0,0,4,21.81,2,57.53
50,4,1,0,5,23.44,2,51.33
1,5,0,0,0,22.01,3,56.95
2,5,0,0,6,15.86,2,57.73
3,5,1,0,5,23.97,2,57.42
4,5,0,0,4,20.56,2,65.06
5,5,1,0,6,22.99,1,61.06
6,5,0,0,3,20.41,1,47.66
7,5,0,0,6,18.82,2,54.53
8,5,0,0,2,15.95,2,46.21
9,5,0,0,2,19.24,4,48.96
10,5,1,0,6,21.85,0,64.82
11,5,0,0,7,17.39,3,60.27
12,5,1,0,7,24.2,0,52.44
13,5,0,0,2,21.38,3,50.45
14,5,0,0,6,20.93,1,62.84
15,5,1,0,3,18.28,1,53.83
16,5,1,0,5,17.78,1,49.98
17,5,0,0,5,20.96,4,52.6
18,5,1,0,3,22.26,3,58.72
19,5,1,0,7,20.08,2,60.85
20,5,0,0,7,18.01,2,59.46
21,5,0,0,6,20.93,1,60.1
22,5,0,0,9,21.88,1,60.69
23,5,0,0,6,14.51,1,60.62
24,5,1,0,4,22.39,3,65.64
25,5,0,0,6,21.41,2,59.53
26,5,0,0,4,20.51,3,64.42
27,5,1,0,3,15.84,1,60.4
28,5,0,0,5,22.44,2,51.12
29,5,1,0,3,23.83,3,51.64
30,5,0,0,8,23.63,0,56.09
31,5,1,0,4,21.37,3,55.03
32,5,1,0,6,20.3,3,53.34
33,5,1,0,4,19.75,0,55.53
34,5,1,0,6,20.29,2,62.4
35,5,0,0,9,19.04,1,49.83
36,5,1,0,7,16.53,1,48.91
37,5,1,0,9,18.5,2,63.16
38,5,1,0,6,23.04,3,56.86
39,5,0,0,3,22.22,2,58.71
40,5,1,0,3,22.57,3,48.77
41,5,1,0,6,23.21,1,54.7
42,5,1,0,3,19.83,2,45.19
43,5,1,0,5,21.09,2,58.93
44,5,1,0,6,19.82,0,55.56
45,5,1,0,7,25.11,2,66.01
46,5,0,0,8,21.67,2,50.65
47,5,0,0,3,21.32,2,60.15
48,5,0,0,4,22.26,3,53.63
49,5,0,0,4,21.86,2,58.14
50,5,1,0,5,23.49,2,46.63
1,6,0,0,0,22.06,3,55.96
2,6,0,0,6,15.91,2,59.75
3,6,1,0,5,24.02,2,55.12
4,6,0,0,4,20.61,2,64.87
5,6,1,0,6,23.04,1,62.48
6,6,0,0,3,20.46,1,50.17
7,6,0,0,6,18.87,2,51.91
8,6,0,0,2,16.0,2,49.48
9,6,0,0,2,19.29,4,53.03
10,6,1,0,6,21.9,0,58.02
11,6,0,0,7,17.44,3,52.3
12,6,1,0,7,24.25,0,57.85
13,6,0,0,2,21.43,3,48.33
14,6,0,0,6,20.98,1,65.55
15,6,1,0,3,18.33,1,51.46
16,6,1,0,5,17.83,1,52.95
17,6,0,0,5,21.01,4,51.65
18,6,1,0,3,22.31,3,56.35
19,6,1,0,7,20.13,2,57.93
20,6,0,0,7,18.06,2,66.26
21,6,0,0,6,20.98,1,57.75
22,6,0,0,9,21.93,1,62.38
23,6,0,0,6,14.56,1,57.54
24,6,1,0,4,22.44,3,64.01
25,6,0,0,6,21.46,2,62.5
26,6,0,0,4,20.56,3,61.84
27,6,1,0,3,15.89,1,63.53
28,6,0,0,5,22.49,2,52.02
29,6,1,0,3,23.88,3,59.31
30,6,0,0,8,23.68,0,55.74
31,6,1,0,5,21.42,3,52.39
32,6,1,0,6,20.35,3,55.65
33,6,1,0,4,19.8,0,54.13
34,6,1,0,6,20.34,2,62.21
35,6,0,0,9,19.09,1,51.31
36,6,1,0,7,16.58,1,59.93
37,6,1,0,9,18.55,2,58.81
38,6,1,0,6,23.09,3,57.16
39,6,0,0,4,22.27,2,64.57
40,6,1,0,3,22.62,3,53.18
41,6,1,0,6,23.26,1,51.59
42,6,1,0,3,19.88,2,52.27
43,6,1,0,5,21.14,2,57.49
44,6,1,0,6,19.87,1,47.24
45,6,1,0,7,25.16,2,63.94
46,6,0,0,8,21.72,2,51.81
47,6,0,0,3,21.37,2,56.86
48,6,0,0,4,22.31,3,55.2
49,6,0,0,4,21.91,2,58.51
50,6,1,0,6,23.54,2,49.31
1,7,0,0,0,22.11,3,55.13
2,7,0,0,6,15.96,2,54.88
3,7,1,0,5,24.07,2,56.89
4,7,0,0,5,20.66,2,59.6
5,7,1,0,6,23.09,1,55.38
6,7,0,0,3,20.51,1,48.22
7,7,0,0,6,18.92,2,52.62
8,7,0,0,3,16.05,2,53.12
9,7,0,0,2,19.34,4,57.45
10,7,1,0,6,21.95,0,60.64
11,7,0,0,7,17.49,3,55.7
12,7,1,0,7,24.3,0,43.05
13,7,0,0,2,21.48,3,57.47
14,7,0,0,6,21.03,2,63.11
15,7,1,0,3,18.38,1,54.83
16,7,1,0,5,17.88,1,47.72
17,7,0,0,5,21.06,4,52.8
18,7,1,0,3,22.36,3,54.18
19,7,1,0,7,20.18,2,57.94
20,7,0,0,7,18.11,2,66.27
21,7,0,0,6,21.03,1,59.34
22,7,0,0,9,21.98,1,60.4
23,7,0,0,6,14.61,1,64.01
24,7,1,0,4,22.49,3,67.83
25,7,0,0,6,21.51,2,65.31
26,7,0,0,4,20.61,3,67.84
27,7,1,0,4,15.94,1,64.6
28,7,0,0,5,22.54,2,56.34
29,7,1,0,3,23.93,3,61.05
30,7,0,0,8,23.73,0,57.96
31,7,1,0,5,21.47,3,49.73
32,7,1,0,6,20.4,3,53.33
33,7,1,0,4,19.85,0,60.64
34,7,1,0,6,20.39,2,59.32
35,7,0,0,9,19.14,1,51.8
36,7,1,0,7,16.63,1,50.4
37,7,1,0,9,18.6,2,61.11
38,7,1,0,6,23.14,3,58.02
39,7,0,0,4,22.32,2,62.97
40,7,1,0,3,22.67,3,60.34
41,7,1,0,6,23.31,1,51.28
42,7,1,0,4,19.93,2,50.34
43,7,1,0,5,21.19,2,55.88
44,7,1,0,6,19.92,1,49.02
45,7,1,0,7,25.21,2,63.23
46,7,0,0,8,21.77,2,52.39
47,7,0,0,3,21.42,2,55.95
48,7,0,0,4,22.36,3,55.51
49,7,0,0,4,21.96,2,59.82
50,7,1,0,6,23.59,2,47.39
1,8,0,0,1,22.16,3,50.52
2,8,0,0,6,16.01,2,54.74
3,8,1,0,5,24.12,2,56.44
4,8,0,0,5,20.71,2,63.51
5,8,1,0,7,23.14,1,60.19
6,8,0,0,3,20.56,1,49.51
7,8,0,0,7,18.97,2,57.22
8,8,0,0,3,16.1,2,49.77
9,8,0,0,2,19.39,4,52.4
10,8,1,0,6,22.0,0,61.8
11,8,0,0,7,17.54,3,60.74
12,8,1,0,7,24.35,0,49.95
13,8,0,0,2,21.53,3,48.78
14,8,0,0,6,21.08,2,66.82
15,8,1,0,3,18.43,1,61.48
16,8,1,0,5,17.93,1,51.15
17,8,0,0,6,21.11,4,53.88
18,8,1,0,3,22.41,4,58.19
19,8,1,0,7,20.23,2,56.55
20,8,0,0,7,18.16,2,63.56
21,8,0,0,6,21.08,1,56.09
22,8,0,0,9,22.03,1,60.3
23,8,0,0,6,14.66,1,62.09
24,8,1,0,5,22.54,3,65.3
25,8,0,0,6,21.56,2,61.63
26,8,0,0,5,20.66,3,64.98
27,8,1,0,4,15.99,1,62.84
28,8,0,0,5,22.59,2,53.28
29,8,1,0,3,23.98,3,59.72
30,8,0,0,9,23.78,0,54.87
31,8,1,0,5,21.52,3,53.45
32,8,1,0,6,20.45,3,57.44
33,8,1,0,4,19.9,0,55.94
34,8,1,0,6,20.44,2,60.48
35,8,0,0,9,19.19,1,48.94
36,8,1,0,7,16.68,1,55.2
37,8,1,0,10,18.65,2,61.86
38,8,1,0,6,23.19,3,56.07
39,8,0,0,4,22.37,2,63.03
40,8,1,0,3,22.72,3,52.43
41,8,1,0,6,23.36,1,45.23
42,8,1,0,4,19.98,2,54.85
43,8,1,0,5,21.24,2,58.9
44,8,1,0,6,19.97,1,50.72
45,8,1,0,7,25.26,2,60.39
46,8,0,0,8,21.82,2,49.34
47,8,0,0,4,21.47,2,61.49
48,8,0,0,4,22.41,3,54.23
49,8,0,0,4,22.01,2,62.12
50,8,1,0,6,23.64,2,52.14
1,9,0,0,1,22.21,3,51.48
2,9,0,0,6,16.06,2,57.86
3,9,1,0,5,24.17,2,48.34
4,9,0,0,5,20.76,2,66.64
5,9,1,0,7,23.19,1,56.22
6,9,0,0,3,20.61,1,44.27
7,9,0,0,7,19.02,2,53.92
8,9,0,0,3,16.15,2,49.63
9,9,0,0,3,19.44,4,55.11
10,9,1,0,6,22.05,1,68.49
11,9,0,0,7,17.59,3,56.12
12,9,1,0,7,24.4,1,48.16
13,9,0,0,2,21.58,3,52.5
14,9,0,0,6,21.13,2,70.06
15,9,1,0,3,18.48,1,50.72
16,9,1,0,5,17.98,1,50.73
17,9,0,0,6,21.16,4,63.06
18,9,1,0,3,22.46,4,55.28
19,9,1,0,7,20.28,2,57.99
20,9,0,0,7,18.21,2,62.01
21,9,0,0,6,21.13,1,62.1
22,9,0,0,9,22.08,1,57.74
23,9,0,0,6,14.71,1,61.22
24,9,1,0,5,22.59,3,65.33
25,9,0,0,7,21.61,2,65.42
26,9,0,0,5,20.71,3,67.2
27,9,1,0,4,16.04,1,63.6
28,9,0,0,5,22.64,2,55.81
29,9,1,0,3,24.03,3,62.0
30,9,0,0,9,23.83,0,58.01
31,9,1,0,5,21.57,3,59.58
32,9,1,0,6,20.5,3,54.07
33,9,1,0,4,19.95,0,55.0
34,9,1,0,7,20.49,2,57.88
35,9,0,0,9,19.24,1,53.37
36,9,1,0,7,16.73,1,55.05
37,9,1,0,10,18.7,2,56.4
38,9,1,0,6,23.24,3,62.13
39,9,0,0,4,22.42,2,63.06
40,9,1,0,3,22.77,3,49.44
41,9,1,0,6,23.41,1,45.93
42,9,1,0,4,20.03,2,54.5
43,9,1,0,5,21.29,2,62.34
44,9,1,0,7,20.02,1,53.34
45,9,1,0,7,25.31,2,60.72
46,9,0,0,8,21.87,2,53.37
47,9,0,0,4,21.52,2,53.58
48,9,0,0,4,22.46,3,57.1
49,9,0,0,4,22.06,2,55.68
50,9,1,0,6,23.69,2,51.48
1,10,0,0,1,22.26,3,54.25
2,10,0,0,6,16.11,2,57.03
3,10,1,0,5,24.22,2,60.49
4,10,0,0,5,20.81,2,60.05
5,10,1,0,7,23.24,1,58.31
6,10,0,0,3,20.66,1,49.94
7,10,0,0,7,19.07,2,52.67
8,10,0,0,3,16.2,2,50.08
9,10,0,0,3,19.49,4,55.82
10,10,1,0,6,22.1,1,68.09
11,10,0,0,7,17.64,3,56.3
12,10,1,0,7,24.45,1,49.91
13,10,0,0,2,21.63,3,47.1
14,10,0,0,6,21.18,2,64.12
15,10,1,0,4,18.53,1,58.07
16,10,1,0,5,18.03,1,46.82
17,10,0,0,6,21.21,4,53.5
18,10,1,0,3,22.51,4,59.77
19,10,1,0,7,20.33,2,61.4
20,10,0,0,8,18.26,2,63.22
21,10,0,0,6,21.18,1,58.21
22,10,0,0,9,22.13,1,62.98
23,10,0,0,6,14.76,1,61.51
24,10,1,0,5,22.64,3,62.32
25,10,0,0,7,21.66,2,71.48
26,10,0,0,5,20.76,3,60.32
27,10,1,0,4,16.09,1,63.83
28,10,0,0,6,22.69,2,54.47
29,10,1,0,3,24.08,3,61.26
30,10,0,0,9,23.88,0,57.3
31,10,1,0,5,21.62,3,59.16
32,10,1,0,6,20.55,3,61.54
33,10,1,0,4,20.0,0,56.11
34,10,1,0,7,20.54,2,66.31
35,10,0,0,10,19.29,1,51.98
36,10,1,0,7,16.78,1,51.91
37,10,1,0,10,18.75,2,58.18
38,10,1,0,6,23.29,3,56.44
39,10,0,0,4,22.47,2,65.26
40,10,1,0,3,22.82,3,54.65
41,10,1,0,6,23.46,1,51.55
42,10,1,0,4,20.08,2,53.03
43,10,1,0,5,21.34,2,56.26
44,10,1,0,7,20.07,1,49.92
45,10,1,0,7,25.36,2,61.45
46,10,0,0,8,21.92,2,49.5
47,10,0,0,4,21.57,2,58.28
48,10,0,0,4,22.51,3,59.1
49,10,0,0,4,22.11,2,60.37
50,10,1,0,6,23.74,2,52.32
1,11,0,0,1,22.31,3,54.62
2,11,0,0,6,16.16,2,53.77
3,11,1,0,5,24.27,2,60.41
4,11,0,0,5,20.86,2,66.68
5,11,1,0,7,23.29,1,56.77
6,11,0,0,3,20.71,1,49.01
7,11,0,0,7,19.12,2,54.01
8,11,0,0,3,16.25,2,46.9
9,11,0,0,3,19.54,4,54.33
10,11,1,0,6,22.15,1,68.51
11,11,0,0,7,17.69,3,51.69
12,11,1,0,7,24.5,1,52.25
13,11,0,0,2,21.68,3,57.14
14,11,0,0,6,21.23,2,61.77
15,11,1,0,4,18.58,1,54.46
16,11,1,0,5,18.08,1,45.28
17,11,0,0,6,21.26,4,52.45
18,11,1,0,4,22.56,4,60.96
19,11,1,0,7,20.38,2,55.99
20,11,0,0,8,18.31,2,62.15
21,11,0,0,6,21.23,1,60.01
22,11,0,0,9,22.18,1,58.41
23,11,0,0,6,14.81,1,58.7
24,11,1,0,5,22.69,4,63.39
25,11,0,0,7,21.71,2,67.85
26,11,0,0,5,20.81,3,67.59
27,11,1,0,4,16.14,1,68.36
28,11,0,0,6,22.74,2,50.42
29,11,1,0,4,24.13,3,59.03
30,11,0,0,9,23.93,0,56.61
31,11,1,0,5,21.67,3,57.78
32,11,1,0,6,20.6,3,55.93
33,11,1,0,4,20.05,0,63.5
34,11,1,0,7,20.59,2,62.88
35,11,0,0,10,19.34,1,48.43
36,11,1,0,7,16.83,1,51.06
37,11,1,0,10,18.8,2,57.01
38,11,1,0,6,23.34,3,58.9
39,11,0,0,4,22.52,2,69.47
40,11,1,0,3,22.87,3,50.08
41,11,1,0,6,23.51,1,48.37
42,11,1,0,4,20.13,2,51.73
43,11,1,0,5,21.39,2,60.43
44,11,1,0,7,20.12,1,50.57
45,11,1,0,7,25.41,2,63.81
46,11,0,0,8,21.97,2,53.18
47,11,0,0,4,21.62,2,63.39
48,11,0,0,4,22.56,3,56.5
49,11,0,0,4,22.16,2,58.63
50,11,1,0,6,23.79,2,52.03
1,12,0,0,1,22.36,3,49.42
2,12,0,0,6,16.21,2,53.32
3,12,1,0,5,24.32,3,62.49
4,12,0,0,5,20.91,2,60.9
5,12,1,0,7,23.34,1,60.67
6,12,0,0,3,20.76,1,47.84
7,12,0,0,7,19.17,2,53.18
8,12,0,0,3,16.3,2,50.39
9,12,0,0,3,19.59,4,60.02
10,12,1,0,6,22.2,1,64.28
11,12,0,0,7,17.74,4,61.0
12,12,1,0,7,24.55,1,54.48
13,12,0,0,2,21.73,3,47.64
14,12,0,0,6,21.28,2,63.68
15,12,1,0,4,18.63,1,58.83
16,12,1,0,6,18.13,1,48.13
17,12,0,0,6,21.31,4,52.27
18,12,1,0,4,22.61,4,59.59
19,12,1,0,7,20.43,2,54.64
20,12,0,0,8,18.36,2,68.94
21,12,0,0,7,21.28,1,51.33
22,12,0,0,9,22.23,1,61.79
23,12,0,0,6,14.86,1,67.37
24,12,1,0,5,22.74,4,68.34
25,12,0,0,7,21.76,2,69.74
26,12,0,0,5,20.86,3,70.41
27,12,1,0,4,16.19,1,61.29
28,12,0,0,6,22.79,2,51.71
29,12,1,0,4,24.18,3,60.94
30,12,0,0,9,23.98,0,55.8
31,12,1,0,5,21.72,3,56.86
32,12,1,0,6,20.65,3,52.24
33,12,1,0,4,20.1,0,58.12
34,12,1,0,7,20.64,2,66.68
35,12,0,0,10,19.39,1,50.9
36,12,1,0,8,16.88,1,55.66
37,12,1,0,10,18.85,2,58.97
38,12,1,0,7,23.39,3,56.73
39,12,0,0,4,22.57,2,62.13
40,12,1,0,3,22.92,3,57.03
41,12,1,0,6,23.56,1,50.45
42,12,1,0,4,20.18,2,54.92
43,12,1,0,5,21.44,2,66.21
44,12,1,0,7,20.17,1,45.96
45,12,1,0,8,25.46,2,63.5
46,12,0,0,8,22.02,2,51.62
47,12,0,0,4,21.67,2,54.53
48,12,0,0,4,22.61,3,60.61
49,12,0,0,5,22.21,2,63.52
50,12,1,0,6,23.84,2,48.37
1,13,0,1,1,22.41,3,53.56
2,13,0,1,6,16.26,2,62.78
3,13,1,1,5,24.37,3,65.21
4,13,0,1,5,20.96,2,63.72
5,13,1,1,7,23.39,1,66.5
6,13,0,1,3,20.81,1,49.67
7,13,0,1,7,19.22,2,55.19
8,13,0,1,3,16.35,2,48.3
9,13,0,1,3,19.64,5,56.46
10,13,1,1,6,22.25,1,68.85
11,13,0,1,8,17.79,4,59.02
12,13,1,1,7,24.6,1,59.76
13,13,0,1,2,21.78,3,56.73
14,13,0,1,6,21.33,2,61.23
15,13,1,1,4,18.68,1,62.67
16,13,1,1,6,18.18,1,57.37
17,13,0,1,6,21.36,4,52.88
18,13,1,1,4,22.66,4,60.87
19,13,1,1,8,20.48,2,58.22
20,13,0,1,8,18.41,2,61.47
21,13,0,1,7,21.33,1,59.49
22,13,0,1,9,22.28,1,59.44
23,13,0,1,6,14.91,1,60.89
24,13,1,1,5,22.79,4,71.22
25,13,0,1,7,21.81,2,63.9
26,13,0,1,5,20.91,3,61.47
27,13,1,1,4,16.24,2,67.65
28,13,0,1,6,22.84,2,57.64
29,13,1,1,4,24.23,3,60.0
30,13,0,1,9,24.03,0,64.45
31,13,1,1,5,21.77,3,59.5
32,13,1,1,7,20.7,3,62.97
33,13,1,1,5,20.15,0,61.4
34,13,1,1,7,20.69,2,63.43
35,13,0,1,10,19.44,1,53.75
36,13,1,1,8,16.93,1,58.39
37,13,1,1,10,18.9,2,59.49
38,13,1,1,7,23.44,3,68.74
39,13,0,1,4,22.62,2,65.17
40,13,1,1,3,22.97,3,58.89
41,13,1,1,7,23.61,1,63.78
42,13,1,1,4,20.23,2,52.89
43,13,1,1,6,21.49,2,61.02
44,13,1,1,7,20.22,1,57.45
45,13,1,1,8,25.51,2,70.14
46,13,0,1,9,22.07,2,51.92
47,13,0,1,4,21.72,2,54.92
48,13,0,1,5,22.66,3,53.02
49,13,0,1,5,22.26,2,54.61
50,13,1,1,6,23.89,2,56.43
1,14,0,1,1,22.46,3,59.09
2,14,0,1,6,16.31,2,56.22
3,14,1,1,6,24.42,3,65.02
4,14,0,1,5,21.01,2,64.59
5,14,1,1,7,23.44,1,68.48
6,14,0,1,4,20.86,1,46.25
7,14,0,1,7,19.27,2,49.95
8,14,0,1,3,16.4,2,50.81
9,14,0,1,3,19.69,5,56.99
10,14,1,1,7,22.3,1,66.03
11,14,0,1,8,17.84,4,60.57
12,14,1,1,7,24.65,1,59.35
13,14,0,1,3,21.83,3,56.97
14,14,0,1,6,21.38,2,66.97
15,14,1,1,4,18.73,1,63.52
16,14,1,1,6,18.23,2,59.59
17,14,0,1,6,21.41,4,56.05
18,14,1,1,4,22.71,4,63.35
19,14,1,1,8,20.53,2,64.02
20,14,0,1,8,18.46,2,61.17
21,14,0,1,7,21.38,1,59.95
22,14,0,1,10,22.33,1,67.11
23,14,0,1,7,14.96,1,61.21
24,14,1,1,5,22.84,4,67.77
25,14,0,1,7,21.86,2,70.21
26,14,0,1,5,20.96,3,68.01
27,14,1,1,4,16.29,2,67.88
28,14,0,1,6,22.89,2,56.7
29,14,1,1,4,24.28,3,65.4
30,14,0,1,9,24.08,0,57.72
31,14,1,1,5,21.82,3,57.79
32,14,1,1,7,20.75,3,54.93
33,14,1,1,5,20.2,0,67.72
34,14,1,1,7,20.74,2,65.51
35,14,0,1,10,19.49,1,50.59
36,14,1,1,8,16.98,1,55.94
37,14,1,1,10,18.95,2,71.85
38,14,1,1,7,23.49,3,67.1
39,14,0,1,4,22.67,2,63.06
40,14,1,1,4,23.02,3,59.13
41,14,1,1,7,23.66,2,51.96
42,14,1,1,4,20.28,2,54.87
43,14,1,1,6,21.54,2,71.64
44,14,1,1,7,20.27,1,57.62
45,14,1,1,8,25.56,2,72.1
46,14,0,1,9,22.12,2,54.37
47,14,0,1,4,21.77,2,53.44
48,14,0,1,5,22.71,3,59.06
49,14,0,1,5,22.31,2,63.01
50,14,1,1,6,23.94,2,58.74
1,15,0,1,1,22.51,3,51.59
2,15,0,1,7,16.36,2,52.47
3,15,1,1,6,24.47,3,59.98
4,15,0,1,5,21.06,2,61.04
5,15,1,1,7,23.49,1,63.93
6,15,0,1,4,20.91,1,50.49
7,15,0,1,7,19.32,2,58.5
8,15,0,1,3,16.45,2,49.75
9,15,0,1,3,19.74,5,57.02
10,15,1,1,7,22.35,1,74.29
11,15,0,1,8,17.89,4,56.37
12,15,1,1,8,24.7,1,55.23
13,15,0,1,3,21.88,3,53.97
14,15,0,1,7,21.43,2,63.34
15,15,1,1,4,18.78,1,64.73
16,15,1,1,6,18.28,2,53.48
17,15,0,1,6,21.46,4,53.33
18,15,1,1,4,22.76,4,62.68
19,15,1,1,8,20.58,2,66.62
20,15,0,1,8,18.51,2,67.49
21,15,0,1,7,21.43,1,64.32
22,15,0,1,10,22.38,1,60.02
23,15,0,1,7,15.01,1,60.34
24,15,1,1,5,22.89,4,72.92
25,15,0,1,7,21.91,2,66.65
26,15,0,1,5,21.01,3,66.64
27,15,1,1,4,16.34,2,71.86
28,15,0,1,6,22.94,2,57.76
29,15,1,1,4,24.33,3,67.73
30,15,0,1,9,24.13,0,62.85
31,15,1,1,5,21.87,3,59.99
32,15,1,1,7,20.8,3,64.76
33,15,1,1,5,20.25,0,59.95
34,15,1,1,7,20.79,2,68.97
35,15,0,1,10,19.54,1,55.01
36,15,1,1,8,17.03,1,59.33
37,15,1,1,10,19.0,2,68.5
38,15,1,1,7,23.54,3,67.07
39,15,0,1,4,22.72,2,62.05
40,15,1,1,4,23.07,3,61.01
41,15,1,1,7,23.71,2,56.67
42,15,1,1,4,20.33,2,59.82
43,15,1,1,6,21.59,2,66.58
44,15,1,1,7,20.32,1,57.3
45,15,1,1,8,25.61,2,70.38
46,15,0,1,9,22.17,2,47.54
47,15,0,1,4,21.82,2,59.89
48,15,0,1,5,22.76,3,57.2
49,15,0,1,5,22.36,2,59.32
50,15,1,1,6,23.99,2,58.68
1,16,0,1,1,22.56,3,52.01
2,16,0,1,7,16.41,2,56.25
3,16,1,1,6,24.52,3,60.89
4,16,0,1,5,21.11,2,64.67
5,16,1,1,7,23.54,1,63.66
6,16,0,1,4,20.96,1,41.44
7,16,0,1,7,19.37,2,54.58
8,16,0,1,3,16.5,2,48.72
9,16,0,1,3,19.79,5,53.54
10,16,1,1,7,22.4,1,66.09
11,16,0,1,8,17.94,4,58.6
12,16,1,1,8,24.75,1,63.01
13,16,0,1,3,21.93,3,58.01
14,16,0,1,7,21.48,2,66.13
15,16,1,1,4,18.83,1,61.08
16,16,1,1,6,18.33,2,53.07
17,16,0,1,6,21.51,4,52.6
18,16,1,1,4,22.81,4,59.53
19,16,1,1,8,20.63,2,59.02
20,16,0,1,8,18.56,2,67.38
21,16,0,1,7,21.48,1,58.29
22,16,0,1,10,22.43,1,57.29
23,16,0,1,7,15.06,1,72.31
24,16,1,1,5,22.94,4,71.94
25,16,0,1,7,21.96,2,64.03
26,16,0,1,5,21.06,3,69.11
27,16,1,1,4,16.39,2,68.02
28,16,0,1,6,22.99,2,55.7
29,16,1,1,4,24.38,3,61.61
30,16,0,1,9,24.18,0,52.84
31,16,1,1,6,21.92,3,55.64
32,16,1,1,7,20.85,3,60.69
33,16,1,1,5,20.3,0,69.36
34,16,1,1,7,20.84,2,66.32
35,16,0,1,10,19.59,1,53.85
36,16,1,1,8,17.08,1,51.93
37,16,1,1,10,19.05,2,64.42
38,16,1,1,7,23.59,3,65.68
39,16,0,1,5,22.77,2,66.92
40,16,1,1,4,23.12,3,58.69
41,16,1,1,7,23.76,2,60.95
42,16,1,1,4,20.38,2,52.76
43,16,1,1,6,21.64,2,69.89
44,16,1,1,7,20.37,1,55.19
45,16,1,1,8,25.66,2,68.64
46,16,0,1,9,22.22,2,52.77
47,16,0,1,4,21.87,2,54.98
48,16,0,1,5,22.81,3,58.49
49,16,0,1,5,22.41,2,59.66
50,16,1,1,7,24.04,2,58.13
1,17,0,1,1,22.61,3,51.42
2,17,0,1,7,16.46,2,55.49
3,17,1,1,6,24.57,3,61.34
4,17,0,1,6,21.16,2,67.65
5,17,1,1,7,23.59,1,65.09
6,17,0,1,4,21.01,1,47.98
7,17,0,1,7,19.42,2,57.63
8,17,0,1,4,16.55,2,51.69
9,17,0,1,3,19.84,5,54.82
10,17,1,1,7,22.45,1,72.09
11,17,0,1,8,17.99,4,58.05
12,17,1,1,8,24.8,1,63.6
13,17,0,1,3,21.98,3,55.84
14,17,0,1,7,21.53,2,66.56
15,17,1,1,4,18.88,1,58.14
16,17,1,1,6,18.38,2,56.85
17,17,0,1,6,21.56,4,55.78
18,17,1,1,4,22.86,4,64.02
19,17,1,1,8,20.68,2,62.87
20,17,0,1,8,18.61,2,62.12
21,17,0,1,7,21.53,1,63.4
22,17,0,1,10,22.48,1,60.93
23,17,0,1,7,15.11,1,64.58
24,17,1,1,5,22.99,4,66.3
25,17,0,1,7,22.01,2,66.99
26,17,0,1,5,21.11,3,65.15
27,17,1,1,5,16.44,2,74.18
28,17,0,1,6,23.04,2,53.13
29,17,1,1,4,24.43,3,70.51
30,17,0,1,9,24.23,0,63.04
31,17,1,1,6,21.97,3,63.42
32,17,1,1,7,20.9,3,63.88
33,17,1,1,5,20.35,0,59.73
34,17,1,1,7,20.89,2,69.52
35,17,0,1,10,19.64,1,51.74
36,17,1,1,8,17.13,1,57.26
37,17,1,1,10,19.1,2,65.0
38,17,1,1,7,23.64,3,64.75
39,17,0,1,5,22.82,2,61.48
40,17,1,1,4,23.17,3,63.28
41,17,1,1,7,23.81,2,60.0
42,17,1,1,5,20.43,2,60.3
43,17,1,1,6,21.69,2,69.16
44,17,1,1,7,20.42,1,62.03
45,17,1,1,8,25.71,2,68.69
46,17,0,1,9,22.27,2,57.85
47,17,0,1,4,21.92,2,57.49
48,17,0,1,5,22.86,3,58.08
49,17,0,1,5,22.46,2,63.44
50,17,1,1,7,24.09,2,59.35
1,18,0,1,2,22.66,3,54.94
2,18,0,1,7,16.51,2,47.06
3,18,1,1,6,24.62,3,63.6
4,18,0,1,6,21.21,2,60.3
5,18,1,1,8,23.64,1,65.35
6,18,0,1,4,21.06,1,44.01
7,18,0,1,8,19.47,2,60.01
8,18,0,1,4,16.6,2,47.97
9,18,0,1,3,19.89,5,57.3
10,18,1,1,7,22.5,1,75.96
11,18,0,1,8,18.04,4,58.39
12,18,1,1,8,24.85,1,55.97
13,18,0,1,3,22.03,3,48.25
14,18,0,1,7,21.58,2,64.94
15,18,1,1,4,18.93,1,62.66
16,18,1,1,6,18.43,2,55.1
17,18,0,1,7,21.61,4,57.37
18,18,1,1,4,22.91,4,59.69
19,18,1,1,8,20.73,2,66.74
20,18,0,1,8,18.66,2,65.13
21,18,0,1,7,21.58,1,65.24
22,18,0,1,10,22.53,1,59.21
23,18,0,1,7,15.16,2,65.82
24,18,1,1,6,23.04,4,69.34
25,18,0,1,7,22.06,2,73.0
26,18,0,1,6,21.16,3,67.27
27,18,1,1,5,16.49,2,63.55
28,18,0,1,6,23.09,2,59.87
29,18,1,1,4,24.48,3,68.0
30,18,0,1,10,24.28,0,68.56
31,18,1,1,6,22.02,3,64.4
32,18,1,1,7,20.95,3,60.05
33,18,1,1,5,20.4,0,67.04
34,18,1,1,7,20.94,2,67.96
35,18,0,1,10,19.69,1,54.95
36,18,1,1,8,17.18,1,62.67
37,18,1,1,11,19.15,2,67.22
38,18,1,1,7,23.69,3,59.45
39,18,0,1,5,22.87,2,64.65
40,18,1,1,4,23.22,3,58.92
41,18,1,1,7,23.86,2,58.9
42,18,1,1,5,20.48,2,58.32
43,18,1,1,6,21.74,2,67.09
44,18,1,1,7,20.47,1,59.03
45,18,1,1,8,25.76,2,73.49
46,18,0,1,9,22.32,2,57.34
47,18,0,1,5,21.97,2,58.86
48,18,0,1,5,22.91,3,57.6
49,18,0,1,5,22.51,2,57.0
50,18,1,1,7,24.14,2,60.14
1,19,0,1,2,22.71,3,55.3
2,19,0,1,7,16.56,2,58.15
3,19,1,1,6,24.67,3,57.06
4,19,0,1,6,21.26,2,62.72
5,19,1,1,8,23.69,1,59.26
6,19,0,1,4,21.11,1,42.19
7,19,0,1,8,19.52,2,56.63
8,19,0,1,4,16.65,2,48.29
9,19,0,1,4,19.94,5,50.57
10,19,1,1,7,22.55,1,72.53
11,19,0,1,8,18.09,4,55.53
12,19,1,1,8,24.9,1,64.44
13,19,0,1,3,22.08,3,49.37
14,19,0,1,7,21.63,2,62.08
15,19,1,1,4,18.98,1,61.1
16,19,1,1,6,18.48,2,49.81
17,19,0,1,7,21.66,4,58.34
18,19,1,1,4,22.96,4,61.51
19,19,1,1,8,20.78,3,57.67
20,19,0,1,8,18.71,2,60.42
21,19,0,1,7,21.63,1,57.84
22,19,0,1,10,22.58,1,61.46
23,19,0,1,7,15.21,2,61.59
24,19,1,1,6,23.09,4,70.76
25,19,0,1,8,22.11,2,69.62
26,19,0,1,6,21.21,3,71.74
27,19,1,1,5,16.54,2,69.95
28,19,0,1,6,23.14,2,58.15
29,19,1,1,4,24.53,3,65.12
30,19,0,1,10,24.33,0,65.55
31,19,1,1,6,22.07,3,59.17
32,19,1,1,7,21.0,3,60.56
33,19,1,1,5,20.45,0,62.22
34,19,1,1,8,20.99,2,65.81
35,19,0,1,10,19.74,1,52.38
36,19,1,1,8,17.23,1,63.7
37,19,1,1,11,19.2,2,62.5
38,19,1,1,7,23.74,3,69.73
39,19,0,1,5,22.92,2,64.43
40,19,1,1,4,23.27,3,59.72
41,19,1,1,7,23.91,2,61.77
42,19,1,1,5,20.53,2,52.78
43,19,1,1,6,21.79,2,66.29
44,19,1,1,8,20.52,1,63.46
45,19,1,1,8,25.81,2,71.43
46,19,0,1,9,22.37,2,55.22
47,19,0,1,5,22.02,2,59.7
48,19,0,1,5,22.96,3,56.42
49,19,0,1,5,22.56,2,60.06
50,19,1,1,7,24.19,2,59.8
1,20,0,1,2,22.76,3,53.85
2,20,0,1,7,16.61,3,56.69
3,20,1,1,6,24.72,3,62.89
4,20,0,1,6,21.31,3,57.44
5,20,1,1,8,23.74,1,63.91
6,20,0,1,4,21.16,1,47.13
7,20,0,1,8,19.57,2,57.25
8,20,0,1,4,16.7,2,48.43
9,20,0,1,4,19.99,5,57.44
10,20,1,1,7,22.6,1,66.1
11,20,0,1,8,18.14,4,56.22
12,20,1,1,8,24.95,1,61.64
13,20,0,1,3,22.13,3,55.16
14,20,0,1,7,21.68,2,66.25
15,20,1,1,5,19.03,1,60.17
16,20,1,1,6,18.53,2,62.02
17,20,0,1,7,21.71,4,53.61
18,20,1,1,4,23.01,4,63.91
19,20,1,1,8,20.83,3,67.49
20,20,0,1,9,18.76,2,61.65
21,20,0,1,7,21.68,1,66.4
22,20,0,1,10,22.63,1,60.86
23,20,0,1,7,15.26,2,63.81
24,20,1,1,6,23.14,4,72.62
25,20,0,1,8,22.16,2,72.01
26,20,0,1,6,21.26,3,67.82
27,20,1,1,5,16.59,2,70.81
28,20,0,1,7,23.19,2,56.16
29,20,1,1,4,24.58,3,65.39
30,20,0,1,10,24.38,0,61.41
31,20,1,1,6,22.12,3,62.92
32,20,1,1,7,21.05,3,63.0
33,20,1,1,5,20.5,0,65.05
34,20,1,1,8,21.04,2,68.94
35,20,0,1,11,19.79,1,53.43
36,20,1,1,8,17.28,1,60.77
37,20,1,1,11,19.25,2,63.2
38,20,1,1,7,23.79,3,64.91
39,20,0,1,5,22.97,2,69.01
40,20,1,1,4,23.32,3,58.66
41,20,1,1,7,23.96,2,55.89
42,20,1,1,5,20.58,2,57.91
43,20,1,1,6,21.84,2,65.16
44,20,1,1,8,20.57,1,58.93
45,20,1,1,8,25.86,2,72.53
46,20,0,1,9,22.42,2,53.63
47,20,0,1,5,22.07,2,57.0
48,20,0,1,5,23.01,3,57.48
49,20,0,1,5,22.61,2,58.42
50,20,1,1,7,24.24,2,59.65
1,21,0,1,2,22.81,3,55.28
2,21,0,1,7,16.66,3,55.19
3,21,1,1,6,24.77,3,65.14
4,21,0,1,6,21.36,3,60.87
5,21,1,1,8,23.79,1,65.32
6,21,0,1,4,21.21,1,47.6
7,21,0,1,8,19.62,2,58.14
8,21,0,1,4,16.75,2,56.25
9,21,0,1,4,20.04,5,54.35
10,21,1,1,7,22.65,1,72.44
11,21,0,1,8,18.19,4,59.24
12,21,1,1,8,25.0,1,58.53
13,21,0,1,3,22.18,3,50.05
14,21,0,1,7,21.73,2,66.84
15,21,1,1,5,19.08,1,63.76
16,21,1,1,6,18.58,2,50.4
17,21,0,1,7,21.76,4,58.09
18,21,1,1,5,23.06,4,63.03
19,21,1,1,8,20.88,3,55.26
20,21,0,1,9,18.81,2,66.37
21,21,0,1,7,21.73,1,58.88
22,21,0,1,10,22.68,1,63.53
23,21,0,1,7,15.31,2,63.98
24,21,1,1,6,23.19,4,74.24
25,21,0,1,8,22.21,2,61.34
26,21,0,1,6,21.31,3,71.5
27,21,1,1,5,16.64,2,64.13
28,21,0,1,7,23.24,2,57.29
29,21,1,1,5,24.63,3,69.8
30,21,0,1,10,24.43,0,61.21
31,21,1,1,6,22.17,3,63.25
32,21,1,1,7,21.1,3,65.09
33,21,1,1,5,20.55,0,61.36
34,21,1,1,8,21.09,2,71.72
35,21,0,1,11,19.84,1,56.42
36,21,1,1,8,17.33,1,53.8
37,21,1,1,11,19.3,2,64.28
38,21,1,1,7,23.84,3,69.68
39,21,0,1,5,23.02,2,63.24
40,21,1,1,4,23.37,3,61.7
41,21,1,1,7,24.01,2,59.85
42,21,1,1,5,20.63,2,57.71
43,21,1,1,6,21.89,2,74.08
44,21,1,1,8,20.62,1,57.32
45,21,1,1,8,25.91,2,72.07
46,21,0,1,9,22.47,2,49.66
47,21,0,1,5,22.12,2,57.01
48,21,0,1,5,23.06,3,54.63
49,21,0,1,5,22.66,2,63.33
50,21,1,1,7,24.29,2,58.12
1,22,0,1,2,22.86,3,55.83
2,22,0,1,7,16.71,3,53.48
3,22,1,1,6,24.82,3,64.4
4,22,0,1,6,21.41,3,64.6
5,22,1,1,8,23.84,1,70.0
6,22,0,1,4,21.26,1,48.72
7,22,0,1,8,19.67,2,54.68
8,22,0,1,4,16.8,2,52.39
9,22,0,1,4,20.09,5,58.34
10,22,1,1,7,22.7,1,73.74
11,22,0,1,8,18.24,4,59.07
12,22,1,1,8,25.05,1,60.27
13,22,0,1,3,22.23,3,56.14
14,22,0,1,7,21.78,2,61.99
15,22,1,1,5,19.13,1,64.05
16,22,1,1,7,18.63,2,57.34
17,22,0,1,7,21.81,4,57.34
18,22,1,1,5,23.11,4,61.41
19,22,1,1,8,20.93,3,66.96
20,22,0,1,9,18.86,2,60.99
21,22,0,1,8,21.78,1,60.76
22,22,0,1,10,22.73,1,65.02
23,22,0,1,7,15.36,2,66.0
24,22,1,1,6,23.24,4,73.17
25,22,0,1,8,22.26,3,67.16
26,22,0,1,6,21.36,3,65.89
27,22,1,1,5,16.69,2,73.05
28,22,0,1,7,23.29,2,59.28
29,22,1,1,5,24.68,3,64.1
30,22,0,1,10,24.48,1,64.22
31,22,1,1,6,22.22,3,68.79
32,22,1,1,7,21.15,3,66.36
33,22,1,1,5,20.6,0,59.31
34,22,1,1,8,21.14,2,66.72
35,22,0,1,11,19.89,1,57.78
36,22,1,1,9,17.38,1,56.02
37,22,1,1,11,19.35,2,71.78
38,22,1,1,8,23.89,3,64.45
39,22,0,1,5,23.07,2,67.47
40,22,1,1,4,23.42,3,62.67
41,22,1,1,7,24.06,2,57.25
42,22,1,1,5,20.68,2,60.81
43,22,1,1,6,21.94,2,70.5
44,22,1,1,8,20.67,1,55.11
45,22,1,1,9,25.96,2,65.66
46,22,0,1,9,22.52,2,53.81
47,22,0,1,5,22.17,2,59.52
48,22,0,1,5,23.11,3,60.45
49,22,0,1,6,22.71,2,57.49
50,22,1,1,7,24.34,2,64.15
1,23,0,1,2,22.91,3,55.68
2,23,0,1,7,16.76,3,56.35
3,23,1,1,6,24.87,3,65.27
4,23,0,1,6,21.46,3,63.94
5,23,1,1,8,23.89,1,68.81
6,23,0,1,4,21.31,1,44.81
7,23,0,1,8,19.72,2,50.05
8,23,0,1,4,16.85,2,46.76
9,23,0,1,4,20.14,5,53.9
10,23,1,1,7,22.75,1,67.92
11,23,0,1,9,18.29,4,64.95
12,23,1,1,8,25.1,1,60.33
13,23,0,1,3,22.28,3,56.71
14,23,0,1,7,21.83,2,64.52
15,23,1,1,5,19.18,1,61.16
16,23,1,1,7,18.68,2,55.63
17,23,0,1,7,21.86,4,61.42
18,23,1,1,5,23.16,4,60.7
19,23,1,1,9,20.98,3,62.81
20,23,0,1,9,18.91,2,64.73
21,23,0,1,8,21.83,1,61.05
22,23,0,1,10,22.78,1,61.11
23,23,0,1,7,15.41,2,63.27
24,23,1,1,6,23.29,4,70.23
25,23,0,1,8,22.31,3,69.3
26,23,0,1,6,21.41,3,61.37
27,23,1,1,5,16.74,2,72.21
28,23,0,1,7,23.34,3,57.61
29,23,1,1,5,24.73,3,69.35
30,23,0,1,10,24.53,1,56.09
31,23,1,1,6,22.27,3,61.9
32,23,1,1,8,21.2,3,55.56
33,23,1,1,6,20.65,0,65.4
34,23,1,1,8,21.19,2,73.01
35,23,0,1,11,19.94,1,55.57
36,23,1,1,9,17.43,1,62.09
37,23,1,1,11,19.4,2,64.18
38,23,1,1,8,23.94,3,63.9
39,23,0,1,5,23.12,2,67.08
40,23,1,1,4,23.47,3,58.53
41,23,1,1,8,24.11,2,60.55
42,23,1,1,5,20.73,2,57.8
43,23,1,1,7,21.99,2,66.46
44,23,1,1,8,20.72,1,55.86
45,23,1,1,9,26.01,2,65.51
46,23,0,1,10,22.57,2,53.16
47,23,0,1,5,22.22,2,54.49
48,23,0,1,6,23.16,3,54.98
49,23,0,1,6,22.76,2,65.02
50,23,1,1,7,24.39,2,55.26
1,24,0,1,2,22.96,3,54.06
2,24,0,1,7,16.81,3,53.76
3,24,1,1,7,24.92,3,62.8
4,24,0,1,6,21.51,3,65.17
5,24,1,1,8,23.94,1,71.67
6,24,0,1,5,21.36,1,47.06
7,24,0,1,8,19.77,2,57.78
8,24,0,1,4,16.9,2,53.97
9,24,0,1,4,20.19,5,55.38
10,24,1,1,8,22.8,1,74.09
11,24,0,1,9,18.34,4,60.3
12,24,1,1,8,25.15,1,62.31
13,24,0,1,4,22.33,3,56.22
14,24,0,1,7,21.88,2,66.38
15,24,1,1,5,19.23,1,55.94
16,24,1,1,7,18.73,2,61.48
17,24,0,1,7,21.91,4,59.43
18,24,1,1,5,23.21,4,64.68
19,24,1,1,9,21.03,3,63.82
20,24,0,1,9,18.96,2,59.94
21,24,0,1,8,21.88,1,61.92
22,24,0,1,11,22.83,1,58.8
23,24,0,1,8,15.46,2,58.41
24,24,1,1,6,23.34,4,69.78
25,24,0,1,8,22.36,3,71.94
26,24,0,1,6,21.46,3,65.4
27,24,1,1,5,16.79,2,70.27
28,24,0,1,7,23.39,3,55.93
29,24,1,1,5,24.78,3,70.77
30,24,0,1,10,24.58,1,59.76
31,24,1,1,6,22.32,3,60.0
32,24,1,1,8,21.25,3,59.44
33,24,1,1,6,20.7,0,58.58
34,24,1,1,8,21.24,2,64.46
35,24,0,1,11,19.99,1,50.63
36,24,1,1,9,17.48,1,56.19
37,24,1,1,11,19.45,2,72.39
38,24,1,1,8,23.99,3,62.43
39,24,0,1,5,23.17,2,67.53
40,24,1,1,5,23.52,3,62.0
41,24,1,1,8,24.16,2,53.91
42,24,1,1,5,20.78,2,56.71
43,24,1,1,7,22.04,2,68.62
44,24,1,1,8,20.77,1,61.75
45,24,1,1,9,26.06,2,66.93
46,24,0,1,10,22.62,2,50.98
47,24,0,1,5,22.27,2,57.27
48,24,0,1,6,23.21,3,58.26
49,24,0,1,6,22.81,2,65.28
50,24,1,1,7,24.44,2,61.46
